comparison,n,n_days,mae_a,mae_b,mae_diff,p_ttest,p_wilcoxon,p_ttest_daily,p_wilcoxon_daily,cohens_d,cliffs_delta
XGBoost (Improved) vs RF (Improved),16315,23,0.4327,0.4388,0.0061,0.0008291538181527187,2.751375067586145e-12,0.013553734626027828,0.004338979721069336,-0.0262,-0.0112
XGBoost (Improved) vs RF MoE,16315,23,0.4327,0.434,0.0013,0.5136231609164335,0.0029080205993065214,0.898274846346008,0.5803380012512207,-0.0051,-0.0023
XGBoost (Improved) vs RF Baseline,16315,23,0.4327,0.4834,0.0507,8.814612605986335e-61,9.320535260007612e-180,1.2013505872228228e-13,2.384185791015625e-07,-0.1293,-0.0671
XGBoost (Improved) vs Historical Avg,16315,23,0.4327,0.645,0.2123,3.322304483285776e-214,0.0,1.4366004546929345e-13,2.384185791015625e-07,-0.2483,-0.2521
XGBoost (Improved) vs Naive (GTFS),16315,23,0.4327,0.7338,0.3011,4.161933574423971e-253,0.0,2.944786113292119e-15,2.384185791015625e-07,-0.2708,-0.3406
